Gender,Quintile,Total_Quintile,Total_Gender,Countries_and_areas
Male,Poorest_Wealth_quintile,42,28,Afghanistan
Female,Poorest_Wealth_quintile,42,47,Afghanistan
Male,Second_Wealth_quintile,47,28,Afghanistan
Female,Second_Wealth_quintile,47,47,Afghanistan
Male,Middle_Wealth_quintile,46,28,Afghanistan
Female,Middle_Wealth_quintile,46,47,Afghanistan
Male,Fourth_Wealth_quintile,32,28,Afghanistan
Female,Fourth_Wealth_quintile,32,47,Afghanistan
Male,Richest_Wealth_quintile,16,28,Afghanistan
Female,Richest_Wealth_quintile,16,47,Afghanistan
Male,Poorest_Wealth_quintile,4,3,Albania
Female,Poorest_Wealth_quintile,4,2,Albania
Male,Second_Wealth_quintile,3,3,Albania
Female,Second_Wealth_quintile,3,2,Albania
Male,Middle_Wealth_quintile,2,3,Albania
Female,Middle_Wealth_quintile,2,2,Albania
Male,Fourth_Wealth_quintile,2,3,Albania
Female,Fourth_Wealth_quintile,2,2,Albania
Male,Richest_Wealth_quintile,1,3,Albania
Female,Richest_Wealth_quintile,1,2,Albania
Male,Poorest_Wealth_quintile,3,2,Algeria
Female,Poorest_Wealth_quintile,3,2,Algeria
Male,Second_Wealth_quintile,2,2,Algeria
Female,Second_Wealth_quintile,2,2,Algeria
Male,Middle_Wealth_quintile,2,2,Algeria
Female,Middle_Wealth_quintile,2,2,Algeria
Male,Fourth_Wealth_quintile,2,2,Algeria
Female,Fourth_Wealth_quintile,2,2,Algeria
Male,Richest_Wealth_quintile,1,2,Algeria
Female,Richest_Wealth_quintile,1,2,Algeria
Male,Poorest_Wealth_quintile,39,21,Angola
Female,Poorest_Wealth_quintile,39,22,Angola
Male,Second_Wealth_quintile,33,21,Angola
Female,Second_Wealth_quintile,33,22,Angola
Male,Middle_Wealth_quintile,19,21,Angola
Female,Middle_Wealth_quintile,19,22,Angola
Male,Fourth_Wealth_quintile,12,21,Angola
Female,Fourth_Wealth_quintile,12,22,Angola
Male,Richest_Wealth_quintile,5,21,Angola
Female,Richest_Wealth_quintile,5,22,Angola
Male,Poorest_Wealth_quintile,1,2,Argentina
Female,Poorest_Wealth_quintile,1,1,Argentina
Male,Second_Wealth_quintile,0,2,Argentina
Female,Second_Wealth_quintile,0,1,Argentina
Male,Middle_Wealth_quintile,2,2,Argentina
Female,Middle_Wealth_quintile,2,1,Argentina
Male,Fourth_Wealth_quintile,2,2,Argentina
Female,Fourth_Wealth_quintile,2,1,Argentina
Male,Richest_Wealth_quintile,1,2,Argentina
Female,Richest_Wealth_quintile,1,1,Argentina
Male,Poorest_Wealth_quintile,6,5,Armenia
Female,Poorest_Wealth_quintile,6,4,Armenia
Male,Second_Wealth_quintile,7,5,Armenia
Female,Second_Wealth_quintile,7,4,Armenia
Male,Middle_Wealth_quintile,6,5,Armenia
Female,Middle_Wealth_quintile,6,4,Armenia
Male,Fourth_Wealth_quintile,3,5,Armenia
Female,Fourth_Wealth_quintile,3,4,Armenia
Male,Richest_Wealth_quintile,2,5,Armenia
Female,Richest_Wealth_quintile,2,4,Armenia
Male,Poorest_Wealth_quintile,9,8,Bangladesh
Female,Poorest_Wealth_quintile,9,5,Bangladesh
Male,Second_Wealth_quintile,7,8,Bangladesh
Female,Second_Wealth_quintile,7,5,Bangladesh
Male,Middle_Wealth_quintile,5,8,Bangladesh
Female,Middle_Wealth_quintile,5,5,Bangladesh
Male,Fourth_Wealth_quintile,6,8,Bangladesh
Female,Fourth_Wealth_quintile,6,5,Bangladesh
Male,Richest_Wealth_quintile,4,8,Bangladesh
Female,Richest_Wealth_quintile,4,5,Bangladesh
Male,Poorest_Wealth_quintile,1,0,Barbados
Female,Poorest_Wealth_quintile,1,1,Barbados
Male,Second_Wealth_quintile,0,0,Barbados
Female,Second_Wealth_quintile,0,1,Barbados
Male,Middle_Wealth_quintile,0,0,Barbados
Female,Middle_Wealth_quintile,0,1,Barbados
Male,Fourth_Wealth_quintile,2,0,Barbados
Female,Fourth_Wealth_quintile,2,1,Barbados
Male,Richest_Wealth_quintile,0,0,Barbados
Female,Richest_Wealth_quintile,0,1,Barbados
Male,Poorest_Wealth_quintile,0,1,Belarus
Female,Poorest_Wealth_quintile,0,0,Belarus
Male,Second_Wealth_quintile,0,1,Belarus
Female,Second_Wealth_quintile,0,0,Belarus
Male,Middle_Wealth_quintile,0,1,Belarus
Female,Middle_Wealth_quintile,0,0,Belarus
Male,Fourth_Wealth_quintile,1,1,Belarus
Female,Fourth_Wealth_quintile,1,0,Belarus
Male,Richest_Wealth_quintile,0,1,Belarus
Female,Richest_Wealth_quintile,0,0,Belarus
Male,Poorest_Wealth_quintile,4,2,Belize
Female,Poorest_Wealth_quintile,4,2,Belize
Male,Second_Wealth_quintile,4,2,Belize
Female,Second_Wealth_quintile,4,2,Belize
Male,Middle_Wealth_quintile,1,2,Belize
Female,Middle_Wealth_quintile,1,2,Belize
Male,Fourth_Wealth_quintile,1,2,Belize
Female,Fourth_Wealth_quintile,1,2,Belize
Male,Richest_Wealth_quintile,0,2,Belize
Female,Richest_Wealth_quintile,0,2,Belize
Male,Poorest_Wealth_quintile,59,28,Benin
Female,Poorest_Wealth_quintile,59,35,Benin
Male,Second_Wealth_quintile,39,28,Benin
Female,Second_Wealth_quintile,39,35,Benin
Male,Middle_Wealth_quintile,30,28,Benin
Female,Middle_Wealth_quintile,30,35,Benin
Male,Fourth_Wealth_quintile,15,28,Benin
Female,Fourth_Wealth_quintile,15,35,Benin
Male,Richest_Wealth_quintile,7,28,Benin
Female,Richest_Wealth_quintile,7,35,Benin
Male,Poorest_Wealth_quintile,15,9,Bhutan
Female,Poorest_Wealth_quintile,15,7,Bhutan
Male,Second_Wealth_quintile,11,9,Bhutan
Female,Second_Wealth_quintile,11,7,Bhutan
Male,Middle_Wealth_quintile,6,9,Bhutan
Female,Middle_Wealth_quintile,6,7,Bhutan
Male,Fourth_Wealth_quintile,4,9,Bhutan
Female,Fourth_Wealth_quintile,4,7,Bhutan
Male,Richest_Wealth_quintile,3,9,Bhutan
Female,Richest_Wealth_quintile,3,7,Bhutan
Male,Poorest_Wealth_quintile,7,2,Bosnia and Herzegovina
Female,Poorest_Wealth_quintile,7,4,Bosnia and Herzegovina
Male,Second_Wealth_quintile,1,2,Bosnia and Herzegovina
Female,Second_Wealth_quintile,1,4,Bosnia and Herzegovina
Male,Middle_Wealth_quintile,3,2,Bosnia and Herzegovina
Female,Middle_Wealth_quintile,3,4,Bosnia and Herzegovina
Male,Fourth_Wealth_quintile,1,2,Bosnia and Herzegovina
Female,Fourth_Wealth_quintile,1,4,Bosnia and Herzegovina
Male,Richest_Wealth_quintile,3,2,Bosnia and Herzegovina
Female,Richest_Wealth_quintile,3,4,Bosnia and Herzegovina
Male,Poorest_Wealth_quintile,1,1,Brazil
Female,Poorest_Wealth_quintile,1,0,Brazil
Male,Second_Wealth_quintile,1,1,Brazil
Female,Second_Wealth_quintile,1,0,Brazil
Male,Middle_Wealth_quintile,0,1,Brazil
Female,Middle_Wealth_quintile,0,0,Brazil
Male,Fourth_Wealth_quintile,0,1,Brazil
Female,Fourth_Wealth_quintile,0,0,Brazil
Male,Richest_Wealth_quintile,0,1,Brazil
Female,Richest_Wealth_quintile,0,0,Brazil
Male,Poorest_Wealth_quintile,69,46,Burkina Faso
Female,Poorest_Wealth_quintile,69,50,Burkina Faso
Male,Second_Wealth_quintile,58,46,Burkina Faso
Female,Second_Wealth_quintile,58,50,Burkina Faso
Male,Middle_Wealth_quintile,50,46,Burkina Faso
Female,Middle_Wealth_quintile,50,50,Burkina Faso
Male,Fourth_Wealth_quintile,40,46,Burkina Faso
Female,Fourth_Wealth_quintile,40,50,Burkina Faso
Male,Richest_Wealth_quintile,15,46,Burkina Faso
Female,Richest_Wealth_quintile,15,50,Burkina Faso
Male,Poorest_Wealth_quintile,36,18,Burundi
Female,Poorest_Wealth_quintile,36,18,Burundi
Male,Second_Wealth_quintile,21,18,Burundi
Female,Second_Wealth_quintile,21,18,Burundi
Male,Middle_Wealth_quintile,14,18,Burundi
Female,Middle_Wealth_quintile,14,18,Burundi
Male,Fourth_Wealth_quintile,11,18,Burundi
Female,Fourth_Wealth_quintile,11,18,Burundi
Male,Richest_Wealth_quintile,6,18,Burundi
Female,Richest_Wealth_quintile,6,18,Burundi
Male,Poorest_Wealth_quintile,13,7,Cambodia
Female,Poorest_Wealth_quintile,13,5,Cambodia
Male,Second_Wealth_quintile,8,7,Cambodia
Female,Second_Wealth_quintile,8,5,Cambodia
Male,Middle_Wealth_quintile,4,7,Cambodia
Female,Middle_Wealth_quintile,4,5,Cambodia
Male,Fourth_Wealth_quintile,3,7,Cambodia
Female,Fourth_Wealth_quintile,3,5,Cambodia
Male,Richest_Wealth_quintile,2,7,Cambodia
Female,Richest_Wealth_quintile,2,5,Cambodia
Male,Poorest_Wealth_quintile,37,14,Cameroon
Female,Poorest_Wealth_quintile,37,17,Cameroon
Male,Second_Wealth_quintile,18,14,Cameroon
Female,Second_Wealth_quintile,18,17,Cameroon
Male,Middle_Wealth_quintile,10,14,Cameroon
Female,Middle_Wealth_quintile,10,17,Cameroon
Male,Fourth_Wealth_quintile,4,14,Cameroon
Female,Fourth_Wealth_quintile,4,17,Cameroon
Male,Richest_Wealth_quintile,2,14,Cameroon
Female,Richest_Wealth_quintile,2,17,Cameroon
Male,Poorest_Wealth_quintile,42,21,Central African Republic
Female,Poorest_Wealth_quintile,42,31,Central African Republic
Male,Second_Wealth_quintile,36,21,Central African Republic
Female,Second_Wealth_quintile,36,31,Central African Republic
Male,Middle_Wealth_quintile,26,21,Central African Republic
Female,Middle_Wealth_quintile,26,31,Central African Republic
Male,Fourth_Wealth_quintile,17,21,Central African Republic
Female,Fourth_Wealth_quintile,17,31,Central African Republic
Male,Richest_Wealth_quintile,8,21,Central African Republic
Female,Richest_Wealth_quintile,8,31,Central African Republic
Male,Poorest_Wealth_quintile,55,47,Chad
Female,Poorest_Wealth_quintile,55,53,Chad
Male,Second_Wealth_quintile,53,47,Chad
Female,Second_Wealth_quintile,53,53,Chad
Male,Middle_Wealth_quintile,57,47,Chad
Female,Middle_Wealth_quintile,57,53,Chad
Male,Fourth_Wealth_quintile,55,47,Chad
Female,Fourth_Wealth_quintile,55,53,Chad
Male,Richest_Wealth_quintile,24,47,Chad
Female,Richest_Wealth_quintile,24,53,Chad
Male,Poorest_Wealth_quintile,3,2,Colombia
Female,Poorest_Wealth_quintile,3,2,Colombia
Male,Second_Wealth_quintile,2,2,Colombia
Female,Second_Wealth_quintile,2,2,Colombia
Male,Middle_Wealth_quintile,1,2,Colombia
Female,Middle_Wealth_quintile,1,2,Colombia
Male,Fourth_Wealth_quintile,1,2,Colombia
Female,Fourth_Wealth_quintile,1,2,Colombia
Male,Richest_Wealth_quintile,2,2,Colombia
Female,Richest_Wealth_quintile,2,2,Colombia
Male,Poorest_Wealth_quintile,28,14,Comoros
Female,Poorest_Wealth_quintile,28,15,Comoros
Male,Second_Wealth_quintile,18,14,Comoros
Female,Second_Wealth_quintile,18,15,Comoros
Male,Middle_Wealth_quintile,10,14,Comoros
Female,Middle_Wealth_quintile,10,15,Comoros
Male,Fourth_Wealth_quintile,4,14,Comoros
Female,Fourth_Wealth_quintile,4,15,Comoros
Male,Richest_Wealth_quintile,4,14,Comoros
Female,Richest_Wealth_quintile,4,15,Comoros
Male,Poorest_Wealth_quintile,8,3,Congo
Female,Poorest_Wealth_quintile,8,3,Congo
Male,Second_Wealth_quintile,4,3,Congo
Female,Second_Wealth_quintile,4,3,Congo
Male,Middle_Wealth_quintile,2,3,Congo
Female,Middle_Wealth_quintile,2,3,Congo
Male,Fourth_Wealth_quintile,1,3,Congo
Female,Fourth_Wealth_quintile,1,3,Congo
Male,Richest_Wealth_quintile,1,3,Congo
Female,Richest_Wealth_quintile,1,3,Congo
Male,Poorest_Wealth_quintile,1,1,Costa Rica
Female,Poorest_Wealth_quintile,1,1,Costa Rica
Male,Second_Wealth_quintile,2,1,Costa Rica
Female,Second_Wealth_quintile,2,1,Costa Rica
Male,Middle_Wealth_quintile,2,1,Costa Rica
Female,Middle_Wealth_quintile,2,1,Costa Rica
Male,Fourth_Wealth_quintile,1,1,Costa Rica
Female,Fourth_Wealth_quintile,1,1,Costa Rica
Male,Richest_Wealth_quintile,0,1,Costa Rica
Female,Richest_Wealth_quintile,0,1,Costa Rica
Male,Poorest_Wealth_quintile,38,21,C�te d'Ivoire
Female,Poorest_Wealth_quintile,38,26,C�te d'Ivoire
Male,Second_Wealth_quintile,29,21,C�te d'Ivoire
Female,Second_Wealth_quintile,29,26,C�te d'Ivoire
Male,Middle_Wealth_quintile,23,21,C�te d'Ivoire
Female,Middle_Wealth_quintile,23,26,C�te d'Ivoire
Male,Fourth_Wealth_quintile,13,21,C�te d'Ivoire
Female,Fourth_Wealth_quintile,13,26,C�te d'Ivoire
Male,Richest_Wealth_quintile,6,21,C�te d'Ivoire
Female,Richest_Wealth_quintile,6,26,C�te d'Ivoire
Male,Poorest_Wealth_quintile,35,21,Democratic Republic of the Congo
Female,Poorest_Wealth_quintile,35,22,Democratic Republic of the Congo
Male,Second_Wealth_quintile,29,21,Democratic Republic of the Congo
Female,Second_Wealth_quintile,29,22,Democratic Republic of the Congo
Male,Middle_Wealth_quintile,21,21,Democratic Republic of the Congo
Female,Middle_Wealth_quintile,21,22,Democratic Republic of the Congo
Male,Fourth_Wealth_quintile,15,21,Democratic Republic of the Congo
Female,Fourth_Wealth_quintile,15,22,Democratic Republic of the Congo
Male,Richest_Wealth_quintile,6,21,Democratic Republic of the Congo
Female,Richest_Wealth_quintile,6,22,Democratic Republic of the Congo
Male,Poorest_Wealth_quintile,6,4,Dominican Republic
Female,Poorest_Wealth_quintile,6,2,Dominican Republic
Male,Second_Wealth_quintile,4,4,Dominican Republic
Female,Second_Wealth_quintile,4,2,Dominican Republic
Male,Middle_Wealth_quintile,2,4,Dominican Republic
Female,Middle_Wealth_quintile,2,2,Dominican Republic
Male,Fourth_Wealth_quintile,3,4,Dominican Republic
Female,Fourth_Wealth_quintile,3,2,Dominican Republic
Male,Richest_Wealth_quintile,1,4,Dominican Republic
Female,Richest_Wealth_quintile,1,2,Dominican Republic
Male,Poorest_Wealth_quintile,5,3,Egypt
Female,Poorest_Wealth_quintile,5,3,Egypt
Male,Second_Wealth_quintile,4,3,Egypt
Female,Second_Wealth_quintile,4,3,Egypt
Male,Middle_Wealth_quintile,2,3,Egypt
Female,Middle_Wealth_quintile,2,3,Egypt
Male,Fourth_Wealth_quintile,2,3,Egypt
Female,Fourth_Wealth_quintile,2,3,Egypt
Male,Richest_Wealth_quintile,2,3,Egypt
Female,Richest_Wealth_quintile,2,3,Egypt
Male,Poorest_Wealth_quintile,8,4,El Salvador
Female,Poorest_Wealth_quintile,8,3,El Salvador
Male,Second_Wealth_quintile,4,4,El Salvador
Female,Second_Wealth_quintile,4,3,El Salvador
Male,Middle_Wealth_quintile,2,4,El Salvador
Female,Middle_Wealth_quintile,2,3,El Salvador
Male,Fourth_Wealth_quintile,2,4,El Salvador
Female,Fourth_Wealth_quintile,2,3,El Salvador
Male,Richest_Wealth_quintile,0,4,El Salvador
Female,Richest_Wealth_quintile,0,3,El Salvador
Male,Poorest_Wealth_quintile,2,2,Eswatini
Female,Poorest_Wealth_quintile,2,1,Eswatini
Male,Second_Wealth_quintile,2,2,Eswatini
Female,Second_Wealth_quintile,2,1,Eswatini
Male,Middle_Wealth_quintile,1,2,Eswatini
Female,Middle_Wealth_quintile,1,1,Eswatini
Male,Fourth_Wealth_quintile,2,2,Eswatini
Female,Fourth_Wealth_quintile,2,1,Eswatini
Male,Richest_Wealth_quintile,0,2,Eswatini
Female,Richest_Wealth_quintile,0,1,Eswatini
Male,Poorest_Wealth_quintile,41,26,Ethiopia
Female,Poorest_Wealth_quintile,41,25,Ethiopia
Male,Second_Wealth_quintile,30,26,Ethiopia
Female,Second_Wealth_quintile,30,25,Ethiopia
Male,Middle_Wealth_quintile,22,26,Ethiopia
Female,Middle_Wealth_quintile,22,25,Ethiopia
Male,Fourth_Wealth_quintile,19,26,Ethiopia
Female,Fourth_Wealth_quintile,19,25,Ethiopia
Male,Richest_Wealth_quintile,9,26,Ethiopia
Female,Richest_Wealth_quintile,9,25,Ethiopia
Male,Poorest_Wealth_quintile,8,4,Gabon
Female,Poorest_Wealth_quintile,8,3,Gabon
Male,Second_Wealth_quintile,4,4,Gabon
Female,Second_Wealth_quintile,4,3,Gabon
Male,Middle_Wealth_quintile,1,4,Gabon
Female,Middle_Wealth_quintile,1,3,Gabon
Male,Fourth_Wealth_quintile,2,4,Gabon
Female,Fourth_Wealth_quintile,2,3,Gabon
Male,Richest_Wealth_quintile,3,4,Gabon
Female,Richest_Wealth_quintile,3,3,Gabon
Male,Poorest_Wealth_quintile,32,28,Gambia
Female,Poorest_Wealth_quintile,32,27,Gambia
Male,Second_Wealth_quintile,34,28,Gambia
Female,Second_Wealth_quintile,34,27,Gambia
Male,Middle_Wealth_quintile,32,28,Gambia
Female,Middle_Wealth_quintile,32,27,Gambia
Male,Fourth_Wealth_quintile,23,28,Gambia
Female,Fourth_Wealth_quintile,23,27,Gambia
Male,Richest_Wealth_quintile,10,28,Gambia
Female,Richest_Wealth_quintile,10,27,Gambia
Male,Poorest_Wealth_quintile,2,1,Georgia
Female,Poorest_Wealth_quintile,2,1,Georgia
Male,Second_Wealth_quintile,2,1,Georgia
Female,Second_Wealth_quintile,2,1,Georgia
Male,Middle_Wealth_quintile,1,1,Georgia
Female,Middle_Wealth_quintile,1,1,Georgia
Male,Fourth_Wealth_quintile,1,1,Georgia
Female,Fourth_Wealth_quintile,1,1,Georgia
Male,Richest_Wealth_quintile,1,1,Georgia
Female,Richest_Wealth_quintile,1,1,Georgia
Male,Poorest_Wealth_quintile,16,7,Ghana
Female,Poorest_Wealth_quintile,16,6,Ghana
Male,Second_Wealth_quintile,6,7,Ghana
Female,Second_Wealth_quintile,6,6,Ghana
Male,Middle_Wealth_quintile,4,7,Ghana
Female,Middle_Wealth_quintile,4,6,Ghana
Male,Fourth_Wealth_quintile,3,7,Ghana
Female,Fourth_Wealth_quintile,3,6,Ghana
Male,Richest_Wealth_quintile,1,7,Ghana
Female,Richest_Wealth_quintile,1,6,Ghana
Male,Poorest_Wealth_quintile,9,5,Guatemala
Female,Poorest_Wealth_quintile,9,6,Guatemala
Male,Second_Wealth_quintile,7,5,Guatemala
Female,Second_Wealth_quintile,7,6,Guatemala
Male,Middle_Wealth_quintile,5,5,Guatemala
Female,Middle_Wealth_quintile,5,6,Guatemala
Male,Fourth_Wealth_quintile,2,5,Guatemala
Female,Fourth_Wealth_quintile,2,6,Guatemala
Male,Richest_Wealth_quintile,2,5,Guatemala
Female,Richest_Wealth_quintile,2,6,Guatemala
Male,Poorest_Wealth_quintile,55,31,Guinea
Female,Poorest_Wealth_quintile,55,37,Guinea
Male,Second_Wealth_quintile,43,31,Guinea
Female,Second_Wealth_quintile,43,37,Guinea
Male,Middle_Wealth_quintile,38,31,Guinea
Female,Middle_Wealth_quintile,38,37,Guinea
Male,Fourth_Wealth_quintile,22,31,Guinea
Female,Fourth_Wealth_quintile,22,37,Guinea
Male,Richest_Wealth_quintile,11,31,Guinea
Female,Richest_Wealth_quintile,11,37,Guinea
Male,Poorest_Wealth_quintile,38,29,Guinea-Bissau
Female,Poorest_Wealth_quintile,38,26,Guinea-Bissau
Male,Second_Wealth_quintile,39,29,Guinea-Bissau
Female,Second_Wealth_quintile,39,26,Guinea-Bissau
Male,Middle_Wealth_quintile,34,29,Guinea-Bissau
Female,Middle_Wealth_quintile,34,26,Guinea-Bissau
Male,Fourth_Wealth_quintile,19,29,Guinea-Bissau
Female,Fourth_Wealth_quintile,19,26,Guinea-Bissau
Male,Richest_Wealth_quintile,6,29,Guinea-Bissau
Female,Richest_Wealth_quintile,6,26,Guinea-Bissau
Male,Poorest_Wealth_quintile,2,1,Guyana
Female,Poorest_Wealth_quintile,2,1,Guyana
Male,Second_Wealth_quintile,0,1,Guyana
Female,Second_Wealth_quintile,0,1,Guyana
Male,Middle_Wealth_quintile,0,1,Guyana
Female,Middle_Wealth_quintile,0,1,Guyana
Male,Fourth_Wealth_quintile,0,1,Guyana
Female,Fourth_Wealth_quintile,0,1,Guyana
Male,Richest_Wealth_quintile,1,1,Guyana
Female,Richest_Wealth_quintile,1,1,Guyana
Male,Poorest_Wealth_quintile,21,9,Haiti
Female,Poorest_Wealth_quintile,21,8,Haiti
Male,Second_Wealth_quintile,8,9,Haiti
Female,Second_Wealth_quintile,8,8,Haiti
Male,Middle_Wealth_quintile,4,9,Haiti
Female,Middle_Wealth_quintile,4,8,Haiti
Male,Fourth_Wealth_quintile,3,9,Haiti
Female,Fourth_Wealth_quintile,3,8,Haiti
Male,Richest_Wealth_quintile,2,9,Haiti
Female,Richest_Wealth_quintile,2,8,Haiti
Male,Poorest_Wealth_quintile,7,7,Honduras
Female,Poorest_Wealth_quintile,7,6,Honduras
Male,Second_Wealth_quintile,5,7,Honduras
Female,Second_Wealth_quintile,5,6,Honduras
Male,Middle_Wealth_quintile,4,7,Honduras
Female,Middle_Wealth_quintile,4,6,Honduras
Male,Fourth_Wealth_quintile,5,7,Honduras
Female,Fourth_Wealth_quintile,5,6,Honduras
Male,Richest_Wealth_quintile,14,7,Honduras
Female,Richest_Wealth_quintile,14,6,Honduras
Male,Poorest_Wealth_quintile,13,6,India
Female,Poorest_Wealth_quintile,13,6,India
Male,Second_Wealth_quintile,6,6,India
Female,Second_Wealth_quintile,6,6,India
Male,Middle_Wealth_quintile,4,6,India
Female,Middle_Wealth_quintile,4,6,India
Male,Fourth_Wealth_quintile,3,6,India
Female,Fourth_Wealth_quintile,3,6,India
Male,Richest_Wealth_quintile,1,6,India
Female,Richest_Wealth_quintile,1,6,India
Male,Poorest_Wealth_quintile,1,1,Indonesia
Female,Poorest_Wealth_quintile,1,1,Indonesia
Male,Second_Wealth_quintile,1,1,Indonesia
Female,Second_Wealth_quintile,1,1,Indonesia
Male,Middle_Wealth_quintile,1,1,Indonesia
Female,Middle_Wealth_quintile,1,1,Indonesia
Male,Fourth_Wealth_quintile,1,1,Indonesia
Female,Fourth_Wealth_quintile,1,1,Indonesia
Male,Richest_Wealth_quintile,0,1,Indonesia
Female,Richest_Wealth_quintile,0,1,Indonesia
Male,Poorest_Wealth_quintile,16,7,Iraq
Female,Poorest_Wealth_quintile,16,10,Iraq
Male,Second_Wealth_quintile,8,7,Iraq
Female,Second_Wealth_quintile,8,10,Iraq
Male,Middle_Wealth_quintile,8,7,Iraq
Female,Middle_Wealth_quintile,8,10,Iraq
Male,Fourth_Wealth_quintile,4,7,Iraq
Female,Fourth_Wealth_quintile,4,10,Iraq
Male,Richest_Wealth_quintile,3,7,Iraq
Female,Richest_Wealth_quintile,3,10,Iraq
Male,Poorest_Wealth_quintile,1,1,Jamaica
Female,Poorest_Wealth_quintile,1,0,Jamaica
Male,Second_Wealth_quintile,0,1,Jamaica
Female,Second_Wealth_quintile,0,0,Jamaica
Male,Middle_Wealth_quintile,1,1,Jamaica
Female,Middle_Wealth_quintile,1,0,Jamaica
Male,Fourth_Wealth_quintile,0,1,Jamaica
Female,Fourth_Wealth_quintile,0,0,Jamaica
Male,Richest_Wealth_quintile,0,1,Jamaica
Female,Richest_Wealth_quintile,0,0,Jamaica
Male,Poorest_Wealth_quintile,4,3,Jordan
Female,Poorest_Wealth_quintile,4,2,Jordan
Male,Second_Wealth_quintile,2,3,Jordan
Female,Second_Wealth_quintile,2,2,Jordan
Male,Middle_Wealth_quintile,2,3,Jordan
Female,Middle_Wealth_quintile,2,2,Jordan
Male,Fourth_Wealth_quintile,3,3,Jordan
Female,Fourth_Wealth_quintile,3,2,Jordan
Male,Richest_Wealth_quintile,2,3,Jordan
Female,Richest_Wealth_quintile,2,2,Jordan
Male,Poorest_Wealth_quintile,0,0,Kazakhstan
Female,Poorest_Wealth_quintile,0,0,Kazakhstan
Male,Second_Wealth_quintile,0,0,Kazakhstan
Female,Second_Wealth_quintile,0,0,Kazakhstan
Male,Middle_Wealth_quintile,1,0,Kazakhstan
Female,Middle_Wealth_quintile,1,0,Kazakhstan
Male,Fourth_Wealth_quintile,1,0,Kazakhstan
Female,Fourth_Wealth_quintile,1,0,Kazakhstan
Male,Richest_Wealth_quintile,1,0,Kazakhstan
Female,Richest_Wealth_quintile,1,0,Kazakhstan
Male,Poorest_Wealth_quintile,14,5,Kenya
Female,Poorest_Wealth_quintile,14,5,Kenya
Male,Second_Wealth_quintile,2,5,Kenya
Female,Second_Wealth_quintile,2,5,Kenya
Male,Middle_Wealth_quintile,1,5,Kenya
Female,Middle_Wealth_quintile,1,5,Kenya
Male,Fourth_Wealth_quintile,2,5,Kenya
Female,Fourth_Wealth_quintile,2,5,Kenya
Male,Richest_Wealth_quintile,2,5,Kenya
Female,Richest_Wealth_quintile,2,5,Kenya
Male,Poorest_Wealth_quintile,3,4,Kiribati
Female,Poorest_Wealth_quintile,3,2,Kiribati
Male,Second_Wealth_quintile,2,4,Kiribati
Female,Second_Wealth_quintile,2,2,Kiribati
Male,Middle_Wealth_quintile,4,4,Kiribati
Female,Middle_Wealth_quintile,4,2,Kiribati
Male,Fourth_Wealth_quintile,4,4,Kiribati
Female,Fourth_Wealth_quintile,4,2,Kiribati
Male,Richest_Wealth_quintile,2,4,Kiribati
Female,Richest_Wealth_quintile,2,2,Kiribati
Male,Poorest_Wealth_quintile,2,1,Kyrgyzstan
Female,Poorest_Wealth_quintile,2,1,Kyrgyzstan
Male,Second_Wealth_quintile,2,1,Kyrgyzstan
Female,Second_Wealth_quintile,2,1,Kyrgyzstan
Male,Middle_Wealth_quintile,1,1,Kyrgyzstan
Female,Middle_Wealth_quintile,1,1,Kyrgyzstan
Male,Fourth_Wealth_quintile,0,1,Kyrgyzstan
Female,Fourth_Wealth_quintile,0,1,Kyrgyzstan
Male,Richest_Wealth_quintile,1,1,Kyrgyzstan
Female,Richest_Wealth_quintile,1,1,Kyrgyzstan
Male,Poorest_Wealth_quintile,19,8,Lao People's Democratic Republic
Female,Poorest_Wealth_quintile,19,8,Lao People's Democratic Republic
Male,Second_Wealth_quintile,7,8,Lao People's Democratic Republic
Female,Second_Wealth_quintile,7,8,Lao People's Democratic Republic
Male,Middle_Wealth_quintile,4,8,Lao People's Democratic Republic
Female,Middle_Wealth_quintile,4,8,Lao People's Democratic Republic
Male,Fourth_Wealth_quintile,2,8,Lao People's Democratic Republic
Female,Fourth_Wealth_quintile,2,8,Lao People's Democratic Republic
Male,Richest_Wealth_quintile,1,8,Lao People's Democratic Republic
Female,Richest_Wealth_quintile,1,8,Lao People's Democratic Republic
Male,Poorest_Wealth_quintile,5,4,Lesotho
Female,Poorest_Wealth_quintile,5,2,Lesotho
Male,Second_Wealth_quintile,2,4,Lesotho
Female,Second_Wealth_quintile,2,2,Lesotho
Male,Middle_Wealth_quintile,2,4,Lesotho
Female,Middle_Wealth_quintile,2,2,Lesotho
Male,Fourth_Wealth_quintile,3,4,Lesotho
Female,Fourth_Wealth_quintile,3,2,Lesotho
Male,Richest_Wealth_quintile,1,4,Lesotho
Female,Richest_Wealth_quintile,1,2,Lesotho
Male,Poorest_Wealth_quintile,32,18,Liberia
Female,Poorest_Wealth_quintile,32,17,Liberia
Male,Second_Wealth_quintile,23,18,Liberia
Female,Second_Wealth_quintile,23,17,Liberia
Male,Middle_Wealth_quintile,16,18,Liberia
Female,Middle_Wealth_quintile,16,17,Liberia
Male,Fourth_Wealth_quintile,10,18,Liberia
Female,Fourth_Wealth_quintile,10,17,Liberia
Male,Richest_Wealth_quintile,7,18,Liberia
Female,Richest_Wealth_quintile,7,17,Liberia
Male,Poorest_Wealth_quintile,44,24,Madagascar
Female,Poorest_Wealth_quintile,44,19,Madagascar
Male,Second_Wealth_quintile,30,24,Madagascar
Female,Second_Wealth_quintile,30,19,Madagascar
Male,Middle_Wealth_quintile,14,24,Madagascar
Female,Middle_Wealth_quintile,14,19,Madagascar
Male,Fourth_Wealth_quintile,7,24,Madagascar
Female,Fourth_Wealth_quintile,7,19,Madagascar
Male,Richest_Wealth_quintile,3,24,Madagascar
Female,Richest_Wealth_quintile,3,19,Madagascar
Male,Poorest_Wealth_quintile,10,6,Malawi
Female,Poorest_Wealth_quintile,10,5,Malawi
Male,Second_Wealth_quintile,7,6,Malawi
Female,Second_Wealth_quintile,7,5,Malawi
Male,Middle_Wealth_quintile,5,6,Malawi
Female,Middle_Wealth_quintile,5,5,Malawi
Male,Fourth_Wealth_quintile,3,6,Malawi
Female,Fourth_Wealth_quintile,3,5,Malawi
Male,Richest_Wealth_quintile,2,6,Malawi
Female,Richest_Wealth_quintile,2,5,Malawi
Male,Poorest_Wealth_quintile,1,1,Maldives
Female,Poorest_Wealth_quintile,1,1,Maldives
Male,Second_Wealth_quintile,1,1,Maldives
Female,Second_Wealth_quintile,1,1,Maldives
Male,Middle_Wealth_quintile,1,1,Maldives
Female,Middle_Wealth_quintile,1,1,Maldives
Male,Fourth_Wealth_quintile,1,1,Maldives
Female,Fourth_Wealth_quintile,1,1,Maldives
Male,Richest_Wealth_quintile,1,1,Maldives
Female,Richest_Wealth_quintile,1,1,Maldives
Male,Poorest_Wealth_quintile,74,45,Mali
Female,Poorest_Wealth_quintile,74,50,Mali
Male,Second_Wealth_quintile,59,45,Mali
Female,Second_Wealth_quintile,59,50,Mali
Male,Middle_Wealth_quintile,50,45,Mali
Female,Middle_Wealth_quintile,50,50,Mali
Male,Fourth_Wealth_quintile,34,45,Mali
Female,Fourth_Wealth_quintile,34,50,Mali
Male,Richest_Wealth_quintile,16,45,Mali
Female,Richest_Wealth_quintile,16,50,Mali
Male,Poorest_Wealth_quintile,58,44,Mauritania
Female,Poorest_Wealth_quintile,58,40,Mauritania
Male,Second_Wealth_quintile,53,44,Mauritania
Female,Second_Wealth_quintile,53,40,Mauritania
Male,Middle_Wealth_quintile,39,44,Mauritania
Female,Middle_Wealth_quintile,39,40,Mauritania
Male,Fourth_Wealth_quintile,31,44,Mauritania
Female,Fourth_Wealth_quintile,31,40,Mauritania
Male,Richest_Wealth_quintile,17,44,Mauritania
Female,Richest_Wealth_quintile,17,40,Mauritania
Male,Poorest_Wealth_quintile,3,5,Mongolia
Female,Poorest_Wealth_quintile,3,3,Mongolia
Male,Second_Wealth_quintile,4,5,Mongolia
Female,Second_Wealth_quintile,4,3,Mongolia
Male,Middle_Wealth_quintile,4,5,Mongolia
Female,Middle_Wealth_quintile,4,3,Mongolia
Male,Fourth_Wealth_quintile,4,5,Mongolia
Female,Fourth_Wealth_quintile,4,3,Mongolia
Male,Richest_Wealth_quintile,3,5,Mongolia
Female,Richest_Wealth_quintile,3,3,Mongolia
Male,Poorest_Wealth_quintile,8,4,Montenegro
Female,Poorest_Wealth_quintile,8,3,Montenegro
Male,Second_Wealth_quintile,2,4,Montenegro
Female,Second_Wealth_quintile,2,3,Montenegro
Male,Middle_Wealth_quintile,2,4,Montenegro
Female,Middle_Wealth_quintile,2,3,Montenegro
Male,Fourth_Wealth_quintile,3,4,Montenegro
Female,Fourth_Wealth_quintile,3,3,Montenegro
Male,Richest_Wealth_quintile,1,4,Montenegro
Female,Richest_Wealth_quintile,1,3,Montenegro
Male,Poorest_Wealth_quintile,36,23,Mozambique
Female,Poorest_Wealth_quintile,36,23,Mozambique
Male,Second_Wealth_quintile,32,23,Mozambique
Female,Second_Wealth_quintile,32,23,Mozambique
Male,Middle_Wealth_quintile,25,23,Mozambique
Female,Middle_Wealth_quintile,25,23,Mozambique
Male,Fourth_Wealth_quintile,16,23,Mozambique
Female,Fourth_Wealth_quintile,16,23,Mozambique
Male,Richest_Wealth_quintile,5,23,Mozambique
Female,Richest_Wealth_quintile,5,23,Mozambique
Male,Poorest_Wealth_quintile,14,5,Myanmar
Female,Poorest_Wealth_quintile,14,7,Myanmar
Male,Second_Wealth_quintile,5,5,Myanmar
Female,Second_Wealth_quintile,5,7,Myanmar
Male,Middle_Wealth_quintile,3,5,Myanmar
Female,Middle_Wealth_quintile,3,7,Myanmar
Male,Fourth_Wealth_quintile,3,5,Myanmar
Female,Fourth_Wealth_quintile,3,7,Myanmar
Male,Richest_Wealth_quintile,2,5,Myanmar
Female,Richest_Wealth_quintile,2,7,Myanmar
Male,Poorest_Wealth_quintile,8,5,Namibia
Female,Poorest_Wealth_quintile,8,4,Namibia
Male,Second_Wealth_quintile,5,5,Namibia
Female,Second_Wealth_quintile,5,4,Namibia
Male,Middle_Wealth_quintile,4,5,Namibia
Female,Middle_Wealth_quintile,4,4,Namibia
Male,Fourth_Wealth_quintile,2,5,Namibia
Female,Fourth_Wealth_quintile,2,4,Namibia
Male,Richest_Wealth_quintile,1,5,Namibia
Female,Richest_Wealth_quintile,1,4,Namibia
Male,Poorest_Wealth_quintile,6,5,Nepal
Female,Poorest_Wealth_quintile,6,7,Nepal
Male,Second_Wealth_quintile,6,5,Nepal
Female,Second_Wealth_quintile,6,7,Nepal
Male,Middle_Wealth_quintile,8,5,Nepal
Female,Middle_Wealth_quintile,8,7,Nepal
Male,Fourth_Wealth_quintile,5,5,Nepal
Female,Fourth_Wealth_quintile,5,7,Nepal
Male,Richest_Wealth_quintile,1,5,Nepal
Female,Richest_Wealth_quintile,1,7,Nepal
Male,Poorest_Wealth_quintile,65,45,Niger
Female,Poorest_Wealth_quintile,65,54,Niger
Male,Second_Wealth_quintile,60,45,Niger
Female,Second_Wealth_quintile,60,54,Niger
Male,Middle_Wealth_quintile,55,45,Niger
Female,Middle_Wealth_quintile,55,54,Niger
Male,Fourth_Wealth_quintile,43,45,Niger
Female,Fourth_Wealth_quintile,43,54,Niger
Male,Richest_Wealth_quintile,18,45,Niger
Female,Richest_Wealth_quintile,18,54,Niger
Male,Poorest_Wealth_quintile,64,27,Nigeria
Female,Poorest_Wealth_quintile,64,29,Nigeria
Male,Second_Wealth_quintile,36,27,Nigeria
Female,Second_Wealth_quintile,36,29,Nigeria
Male,Middle_Wealth_quintile,17,27,Nigeria
Female,Middle_Wealth_quintile,17,29,Nigeria
Male,Fourth_Wealth_quintile,6,27,Nigeria
Female,Fourth_Wealth_quintile,6,29,Nigeria
Male,Richest_Wealth_quintile,3,27,Nigeria
Female,Richest_Wealth_quintile,3,29,Nigeria
Male,Poorest_Wealth_quintile,3,2,North Macedonia
Female,Poorest_Wealth_quintile,3,1,North Macedonia
Male,Second_Wealth_quintile,3,2,North Macedonia
Female,Second_Wealth_quintile,3,1,North Macedonia
Male,Middle_Wealth_quintile,1,2,North Macedonia
Female,Middle_Wealth_quintile,1,1,North Macedonia
Male,Fourth_Wealth_quintile,1,2,North Macedonia
Female,Fourth_Wealth_quintile,1,1,North Macedonia
Male,Richest_Wealth_quintile,0,2,North Macedonia
Female,Richest_Wealth_quintile,0,1,North Macedonia
Male,Poorest_Wealth_quintile,50,19,Pakistan
Female,Poorest_Wealth_quintile,50,27,Pakistan
Male,Second_Wealth_quintile,24,19,Pakistan
Female,Second_Wealth_quintile,24,27,Pakistan
Male,Middle_Wealth_quintile,14,19,Pakistan
Female,Middle_Wealth_quintile,14,27,Pakistan
Male,Fourth_Wealth_quintile,8,19,Pakistan
Female,Fourth_Wealth_quintile,8,27,Pakistan
Male,Richest_Wealth_quintile,4,19,Pakistan
Female,Richest_Wealth_quintile,4,27,Pakistan
Male,Poorest_Wealth_quintile,2,1,Panama
Female,Poorest_Wealth_quintile,2,1,Panama
Male,Second_Wealth_quintile,2,1,Panama
Female,Second_Wealth_quintile,2,1,Panama
Male,Middle_Wealth_quintile,0,1,Panama
Female,Middle_Wealth_quintile,0,1,Panama
Male,Fourth_Wealth_quintile,0,1,Panama
Female,Fourth_Wealth_quintile,0,1,Panama
Male,Richest_Wealth_quintile,0,1,Panama
Female,Richest_Wealth_quintile,0,1,Panama
Male,Poorest_Wealth_quintile,2,1,Paraguay
Female,Poorest_Wealth_quintile,2,1,Paraguay
Male,Second_Wealth_quintile,0,1,Paraguay
Female,Second_Wealth_quintile,0,1,Paraguay
Male,Middle_Wealth_quintile,0,1,Paraguay
Female,Middle_Wealth_quintile,0,1,Paraguay
Male,Fourth_Wealth_quintile,0,1,Paraguay
Female,Fourth_Wealth_quintile,0,1,Paraguay
Male,Richest_Wealth_quintile,0,1,Paraguay
Female,Richest_Wealth_quintile,0,1,Paraguay
Male,Poorest_Wealth_quintile,3,3,Peru
Female,Poorest_Wealth_quintile,3,2,Peru
Male,Second_Wealth_quintile,3,3,Peru
Female,Second_Wealth_quintile,3,2,Peru
Male,Middle_Wealth_quintile,2,3,Peru
Female,Middle_Wealth_quintile,2,2,Peru
Male,Fourth_Wealth_quintile,2,3,Peru
Female,Fourth_Wealth_quintile,2,2,Peru
Male,Richest_Wealth_quintile,2,3,Peru
Female,Richest_Wealth_quintile,2,2,Peru
Male,Poorest_Wealth_quintile,4,3,Philippines
Female,Poorest_Wealth_quintile,4,2,Philippines
Male,Second_Wealth_quintile,2,3,Philippines
Female,Second_Wealth_quintile,2,2,Philippines
Male,Middle_Wealth_quintile,2,3,Philippines
Female,Middle_Wealth_quintile,2,2,Philippines
Male,Fourth_Wealth_quintile,1,3,Philippines
Female,Fourth_Wealth_quintile,1,2,Philippines
Male,Richest_Wealth_quintile,1,3,Philippines
Female,Richest_Wealth_quintile,1,2,Philippines
Male,Poorest_Wealth_quintile,1,3,Qatar
Female,Poorest_Wealth_quintile,1,2,Qatar
Male,Second_Wealth_quintile,1,3,Qatar
Female,Second_Wealth_quintile,1,2,Qatar
Male,Middle_Wealth_quintile,1,3,Qatar
Female,Middle_Wealth_quintile,1,2,Qatar
Male,Fourth_Wealth_quintile,0,3,Qatar
Female,Fourth_Wealth_quintile,0,2,Qatar
Male,Richest_Wealth_quintile,1,3,Qatar
Female,Richest_Wealth_quintile,1,2,Qatar
Male,Poorest_Wealth_quintile,1,1,Republic of Moldova
Female,Poorest_Wealth_quintile,1,1,Republic of Moldova
Male,Second_Wealth_quintile,1,1,Republic of Moldova
Female,Second_Wealth_quintile,1,1,Republic of Moldova
Male,Middle_Wealth_quintile,1,1,Republic of Moldova
Female,Middle_Wealth_quintile,1,1,Republic of Moldova
Male,Fourth_Wealth_quintile,1,1,Republic of Moldova
Female,Fourth_Wealth_quintile,1,1,Republic of Moldova
Male,Richest_Wealth_quintile,0,1,Republic of Moldova
Female,Richest_Wealth_quintile,0,1,Republic of Moldova
Male,Poorest_Wealth_quintile,12,7,Rwanda
Female,Poorest_Wealth_quintile,12,4,Rwanda
Male,Second_Wealth_quintile,6,7,Rwanda
Female,Second_Wealth_quintile,6,4,Rwanda
Male,Middle_Wealth_quintile,4,7,Rwanda
Female,Middle_Wealth_quintile,4,4,Rwanda
Male,Fourth_Wealth_quintile,3,7,Rwanda
Female,Fourth_Wealth_quintile,3,4,Rwanda
Male,Richest_Wealth_quintile,3,7,Rwanda
Female,Richest_Wealth_quintile,3,4,Rwanda
Male,Poorest_Wealth_quintile,1,0,Saint Lucia
Female,Poorest_Wealth_quintile,1,1,Saint Lucia
Male,Second_Wealth_quintile,0,0,Saint Lucia
Female,Second_Wealth_quintile,0,1,Saint Lucia
Male,Middle_Wealth_quintile,0,0,Saint Lucia
Female,Middle_Wealth_quintile,0,1,Saint Lucia
Male,Fourth_Wealth_quintile,0,0,Saint Lucia
Female,Fourth_Wealth_quintile,0,1,Saint Lucia
Male,Richest_Wealth_quintile,0,0,Saint Lucia
Female,Richest_Wealth_quintile,0,1,Saint Lucia
Male,Poorest_Wealth_quintile,5,4,Sao Tome and Principe
Female,Poorest_Wealth_quintile,5,3,Sao Tome and Principe
Male,Second_Wealth_quintile,5,4,Sao Tome and Principe
Female,Second_Wealth_quintile,5,3,Sao Tome and Principe
Male,Middle_Wealth_quintile,3,4,Sao Tome and Principe
Female,Middle_Wealth_quintile,3,3,Sao Tome and Principe
Male,Fourth_Wealth_quintile,3,4,Sao Tome and Principe
Female,Fourth_Wealth_quintile,3,3,Sao Tome and Principe
Male,Richest_Wealth_quintile,1,4,Sao Tome and Principe
Female,Richest_Wealth_quintile,1,3,Sao Tome and Principe
Male,Poorest_Wealth_quintile,56,40,Senegal
Female,Poorest_Wealth_quintile,56,38,Senegal
Male,Second_Wealth_quintile,47,40,Senegal
Female,Second_Wealth_quintile,47,38,Senegal
Male,Middle_Wealth_quintile,37,40,Senegal
Female,Middle_Wealth_quintile,37,38,Senegal
Male,Fourth_Wealth_quintile,31,40,Senegal
Female,Fourth_Wealth_quintile,31,38,Senegal
Male,Richest_Wealth_quintile,14,40,Senegal
Female,Richest_Wealth_quintile,14,38,Senegal
Male,Poorest_Wealth_quintile,0,1,Serbia
Female,Poorest_Wealth_quintile,0,0,Serbia
Male,Second_Wealth_quintile,3,1,Serbia
Female,Second_Wealth_quintile,3,0,Serbia
Male,Middle_Wealth_quintile,0,1,Serbia
Female,Middle_Wealth_quintile,0,0,Serbia
Male,Fourth_Wealth_quintile,0,1,Serbia
Female,Fourth_Wealth_quintile,0,0,Serbia
Male,Richest_Wealth_quintile,0,1,Serbia
Female,Richest_Wealth_quintile,0,0,Serbia
Male,Poorest_Wealth_quintile,34,20,Sierra Leone
Female,Poorest_Wealth_quintile,34,15,Sierra Leone
Male,Second_Wealth_quintile,22,20,Sierra Leone
Female,Second_Wealth_quintile,22,15,Sierra Leone
Male,Middle_Wealth_quintile,14,20,Sierra Leone
Female,Middle_Wealth_quintile,14,15,Sierra Leone
Male,Fourth_Wealth_quintile,9,20,Sierra Leone
Female,Fourth_Wealth_quintile,9,15,Sierra Leone
Male,Richest_Wealth_quintile,6,20,Sierra Leone
Female,Richest_Wealth_quintile,6,15,Sierra Leone
Male,Poorest_Wealth_quintile,2,1,South Africa
Female,Poorest_Wealth_quintile,2,1,South Africa
Male,Second_Wealth_quintile,1,1,South Africa
Female,Second_Wealth_quintile,1,1,South Africa
Male,Middle_Wealth_quintile,1,1,South Africa
Female,Middle_Wealth_quintile,1,1,South Africa
Male,Fourth_Wealth_quintile,1,1,South Africa
Female,Fourth_Wealth_quintile,1,1,South Africa
Male,Richest_Wealth_quintile,0,1,South Africa
Female,Richest_Wealth_quintile,0,1,South Africa
Male,Poorest_Wealth_quintile,86,70,South Sudan
Female,Poorest_Wealth_quintile,86,75,South Sudan
Male,Second_Wealth_quintile,84,70,South Sudan
Female,Second_Wealth_quintile,84,75,South Sudan
Male,Middle_Wealth_quintile,77,70,South Sudan
Female,Middle_Wealth_quintile,77,75,South Sudan
Male,Fourth_Wealth_quintile,65,70,South Sudan
Female,Fourth_Wealth_quintile,65,75,South Sudan
Male,Richest_Wealth_quintile,44,70,South Sudan
Female,Richest_Wealth_quintile,44,75,South Sudan
Male,Poorest_Wealth_quintile,2,2,Sri Lanka
Female,Poorest_Wealth_quintile,2,2,Sri Lanka
Male,Second_Wealth_quintile,2,2,Sri Lanka
Female,Second_Wealth_quintile,2,2,Sri Lanka
Male,Middle_Wealth_quintile,2,2,Sri Lanka
Female,Middle_Wealth_quintile,2,2,Sri Lanka
Male,Fourth_Wealth_quintile,3,2,Sri Lanka
Female,Fourth_Wealth_quintile,3,2,Sri Lanka
Male,Richest_Wealth_quintile,2,2,Sri Lanka
Female,Richest_Wealth_quintile,2,2,Sri Lanka
Male,Poorest_Wealth_quintile,1,1,State of Palestine
Female,Poorest_Wealth_quintile,1,1,State of Palestine
Male,Second_Wealth_quintile,1,1,State of Palestine
Female,Second_Wealth_quintile,1,1,State of Palestine
Male,Middle_Wealth_quintile,1,1,State of Palestine
Female,Middle_Wealth_quintile,1,1,State of Palestine
Male,Fourth_Wealth_quintile,0,1,State of Palestine
Female,Fourth_Wealth_quintile,0,1,State of Palestine
Male,Richest_Wealth_quintile,1,1,State of Palestine
Female,Richest_Wealth_quintile,1,1,State of Palestine
Male,Poorest_Wealth_quintile,41,20,Sudan
Female,Poorest_Wealth_quintile,41,21,Sudan
Male,Second_Wealth_quintile,33,20,Sudan
Female,Second_Wealth_quintile,33,21,Sudan
Male,Middle_Wealth_quintile,15,20,Sudan
Female,Middle_Wealth_quintile,15,21,Sudan
Male,Fourth_Wealth_quintile,5,20,Sudan
Female,Fourth_Wealth_quintile,5,21,Sudan
Male,Richest_Wealth_quintile,1,20,Sudan
Female,Richest_Wealth_quintile,1,21,Sudan
Male,Poorest_Wealth_quintile,5,3,Suriname
Female,Poorest_Wealth_quintile,5,2,Suriname
Male,Second_Wealth_quintile,2,3,Suriname
Female,Second_Wealth_quintile,2,2,Suriname
Male,Middle_Wealth_quintile,1,3,Suriname
Female,Middle_Wealth_quintile,1,2,Suriname
Male,Fourth_Wealth_quintile,1,3,Suriname
Female,Fourth_Wealth_quintile,1,2,Suriname
Male,Richest_Wealth_quintile,2,3,Suriname
Female,Richest_Wealth_quintile,2,2,Suriname
Male,Poorest_Wealth_quintile,2,2,Tajikistan
Female,Poorest_Wealth_quintile,2,2,Tajikistan
Male,Second_Wealth_quintile,2,2,Tajikistan
Female,Second_Wealth_quintile,2,2,Tajikistan
Male,Middle_Wealth_quintile,2,2,Tajikistan
Female,Middle_Wealth_quintile,2,2,Tajikistan
Male,Fourth_Wealth_quintile,1,2,Tajikistan
Female,Fourth_Wealth_quintile,1,2,Tajikistan
Male,Richest_Wealth_quintile,2,2,Tajikistan
Female,Richest_Wealth_quintile,2,2,Tajikistan
Male,Poorest_Wealth_quintile,1,1,Thailand
Female,Poorest_Wealth_quintile,1,1,Thailand
Male,Second_Wealth_quintile,1,1,Thailand
Female,Second_Wealth_quintile,1,1,Thailand
Male,Middle_Wealth_quintile,1,1,Thailand
Female,Middle_Wealth_quintile,1,1,Thailand
Male,Fourth_Wealth_quintile,2,1,Thailand
Female,Fourth_Wealth_quintile,2,1,Thailand
Male,Richest_Wealth_quintile,1,1,Thailand
Female,Richest_Wealth_quintile,1,1,Thailand
Male,Poorest_Wealth_quintile,18,10,Timor-Leste
Female,Poorest_Wealth_quintile,18,9,Timor-Leste
Male,Second_Wealth_quintile,12,10,Timor-Leste
Female,Second_Wealth_quintile,12,9,Timor-Leste
Male,Middle_Wealth_quintile,7,10,Timor-Leste
Female,Middle_Wealth_quintile,7,9,Timor-Leste
Male,Fourth_Wealth_quintile,5,10,Timor-Leste
Female,Fourth_Wealth_quintile,5,9,Timor-Leste
Male,Richest_Wealth_quintile,3,10,Timor-Leste
Female,Richest_Wealth_quintile,3,9,Timor-Leste
Male,Poorest_Wealth_quintile,17,8,Togo
Female,Poorest_Wealth_quintile,17,9,Togo
Male,Second_Wealth_quintile,10,8,Togo
Female,Second_Wealth_quintile,10,9,Togo
Male,Middle_Wealth_quintile,4,8,Togo
Female,Middle_Wealth_quintile,4,9,Togo
Male,Fourth_Wealth_quintile,2,8,Togo
Female,Fourth_Wealth_quintile,2,9,Togo
Male,Richest_Wealth_quintile,3,8,Togo
Female,Richest_Wealth_quintile,3,9,Togo
Male,Poorest_Wealth_quintile,5,4,Tonga
Female,Poorest_Wealth_quintile,5,4,Tonga
Male,Second_Wealth_quintile,3,4,Tonga
Female,Second_Wealth_quintile,3,4,Tonga
Male,Middle_Wealth_quintile,3,4,Tonga
Female,Middle_Wealth_quintile,3,4,Tonga
Male,Fourth_Wealth_quintile,4,4,Tonga
Female,Fourth_Wealth_quintile,4,4,Tonga
Male,Richest_Wealth_quintile,3,4,Tonga
Female,Richest_Wealth_quintile,3,4,Tonga
Male,Poorest_Wealth_quintile,2,1,Trinidad and Tobago
Female,Poorest_Wealth_quintile,2,1,Trinidad and Tobago
Male,Second_Wealth_quintile,1,1,Trinidad and Tobago
Female,Second_Wealth_quintile,1,1,Trinidad and Tobago
Male,Middle_Wealth_quintile,1,1,Trinidad and Tobago
Female,Middle_Wealth_quintile,1,1,Trinidad and Tobago
Male,Fourth_Wealth_quintile,1,1,Trinidad and Tobago
Female,Fourth_Wealth_quintile,1,1,Trinidad and Tobago
Male,Richest_Wealth_quintile,0,1,Trinidad and Tobago
Female,Richest_Wealth_quintile,0,1,Trinidad and Tobago
Male,Poorest_Wealth_quintile,4,3,Tunisia
Female,Poorest_Wealth_quintile,4,3,Tunisia
Male,Second_Wealth_quintile,3,3,Tunisia
Female,Second_Wealth_quintile,3,3,Tunisia
Male,Middle_Wealth_quintile,3,3,Tunisia
Female,Middle_Wealth_quintile,3,3,Tunisia
Male,Fourth_Wealth_quintile,3,3,Tunisia
Female,Fourth_Wealth_quintile,3,3,Tunisia
Male,Richest_Wealth_quintile,2,3,Tunisia
Female,Richest_Wealth_quintile,2,3,Tunisia
Male,Poorest_Wealth_quintile,7,5,Turkey
Female,Poorest_Wealth_quintile,7,3,Turkey
Male,Second_Wealth_quintile,3,5,Turkey
Female,Second_Wealth_quintile,3,3,Turkey
Male,Middle_Wealth_quintile,3,5,Turkey
Female,Middle_Wealth_quintile,3,3,Turkey
Male,Fourth_Wealth_quintile,4,5,Turkey
Female,Fourth_Wealth_quintile,4,3,Turkey
Male,Richest_Wealth_quintile,2,5,Turkey
Female,Richest_Wealth_quintile,2,3,Turkey
Male,Poorest_Wealth_quintile,2,1,Turkmenistan
Female,Poorest_Wealth_quintile,2,2,Turkmenistan
Male,Second_Wealth_quintile,1,1,Turkmenistan
Female,Second_Wealth_quintile,1,2,Turkmenistan
Male,Middle_Wealth_quintile,1,1,Turkmenistan
Female,Middle_Wealth_quintile,1,2,Turkmenistan
Male,Fourth_Wealth_quintile,1,1,Turkmenistan
Female,Fourth_Wealth_quintile,1,2,Turkmenistan
Male,Richest_Wealth_quintile,0,1,Turkmenistan
Female,Richest_Wealth_quintile,0,2,Turkmenistan
Male,Poorest_Wealth_quintile,20,9,Uganda
Female,Poorest_Wealth_quintile,20,8,Uganda
Male,Second_Wealth_quintile,8,9,Uganda
Female,Second_Wealth_quintile,8,8,Uganda
Male,Middle_Wealth_quintile,5,9,Uganda
Female,Middle_Wealth_quintile,5,8,Uganda
Male,Fourth_Wealth_quintile,4,9,Uganda
Female,Fourth_Wealth_quintile,4,8,Uganda
Male,Richest_Wealth_quintile,3,9,Uganda
Female,Richest_Wealth_quintile,3,8,Uganda
Male,Poorest_Wealth_quintile,2,2,Ukraine
Female,Poorest_Wealth_quintile,2,2,Ukraine
Male,Second_Wealth_quintile,3,2,Ukraine
Female,Second_Wealth_quintile,3,2,Ukraine
Male,Middle_Wealth_quintile,2,2,Ukraine
Female,Middle_Wealth_quintile,2,2,Ukraine
Male,Fourth_Wealth_quintile,1,2,Ukraine
Female,Fourth_Wealth_quintile,1,2,Ukraine
Male,Richest_Wealth_quintile,1,2,Ukraine
Female,Richest_Wealth_quintile,1,2,Ukraine
Male,Poorest_Wealth_quintile,32,18,United Republic of Tanzania
Female,Poorest_Wealth_quintile,32,14,United Republic of Tanzania
Male,Second_Wealth_quintile,21,18,United Republic of Tanzania
Female,Second_Wealth_quintile,21,14,United Republic of Tanzania
Male,Middle_Wealth_quintile,12,18,United Republic of Tanzania
Female,Middle_Wealth_quintile,12,14,United Republic of Tanzania
Male,Fourth_Wealth_quintile,7,18,United Republic of Tanzania
Female,Fourth_Wealth_quintile,7,14,United Republic of Tanzania
Male,Richest_Wealth_quintile,4,18,United Republic of Tanzania
Female,Richest_Wealth_quintile,4,14,United Republic of Tanzania
Male,Poorest_Wealth_quintile,1,1,Uruguay
Female,Poorest_Wealth_quintile,1,1,Uruguay
Male,Second_Wealth_quintile,0,1,Uruguay
Female,Second_Wealth_quintile,0,1,Uruguay
Male,Middle_Wealth_quintile,0,1,Uruguay
Female,Middle_Wealth_quintile,0,1,Uruguay
Male,Fourth_Wealth_quintile,3,1,Uruguay
Female,Fourth_Wealth_quintile,3,1,Uruguay
Male,Richest_Wealth_quintile,1,1,Uruguay
Female,Richest_Wealth_quintile,1,1,Uruguay
Male,Poorest_Wealth_quintile,5,1,Viet Nam
Female,Poorest_Wealth_quintile,5,2,Viet Nam
Male,Second_Wealth_quintile,1,1,Viet Nam
Female,Second_Wealth_quintile,1,2,Viet Nam
Male,Middle_Wealth_quintile,0,1,Viet Nam
Female,Middle_Wealth_quintile,0,2,Viet Nam
Male,Fourth_Wealth_quintile,1,1,Viet Nam
Female,Fourth_Wealth_quintile,1,2,Viet Nam
Male,Richest_Wealth_quintile,1,1,Viet Nam
Female,Richest_Wealth_quintile,1,2,Viet Nam
Male,Poorest_Wealth_quintile,44,19,Yemen
Female,Poorest_Wealth_quintile,44,27,Yemen
Male,Second_Wealth_quintile,24,19,Yemen
Female,Second_Wealth_quintile,24,27,Yemen
Male,Middle_Wealth_quintile,18,19,Yemen
Female,Middle_Wealth_quintile,18,27,Yemen
Male,Fourth_Wealth_quintile,16,19,Yemen
Female,Fourth_Wealth_quintile,16,27,Yemen
Male,Richest_Wealth_quintile,9,19,Yemen
Female,Richest_Wealth_quintile,9,27,Yemen
Male,Poorest_Wealth_quintile,28,18,Zambia
Female,Poorest_Wealth_quintile,28,13,Zambia
Male,Second_Wealth_quintile,20,18,Zambia
Female,Second_Wealth_quintile,20,13,Zambia
Male,Middle_Wealth_quintile,15,18,Zambia
Female,Middle_Wealth_quintile,15,13,Zambia
Male,Fourth_Wealth_quintile,10,18,Zambia
Female,Fourth_Wealth_quintile,10,13,Zambia
Male,Richest_Wealth_quintile,3,18,Zambia
Female,Richest_Wealth_quintile,3,13,Zambia
Male,Poorest_Wealth_quintile,8,5,Zimbabwe
Female,Poorest_Wealth_quintile,8,4,Zimbabwe
Male,Second_Wealth_quintile,4,5,Zimbabwe
Female,Second_Wealth_quintile,4,4,Zimbabwe
Male,Middle_Wealth_quintile,4,5,Zimbabwe
Female,Middle_Wealth_quintile,4,4,Zimbabwe
Male,Fourth_Wealth_quintile,4,5,Zimbabwe
Female,Fourth_Wealth_quintile,4,4,Zimbabwe
Male,Richest_Wealth_quintile,2,5,Zimbabwe
Female,Richest_Wealth_quintile,2,4,Zimbabwe
